{
    "items": [
        {
            "Name": "Test Objects",
            "TextColor": {
                "r": 1.0,
                "g": 1.0,
                "b": 1.0,
                "a": 1.0
            },
            "FontSize": 12,
            "FontStyle": 1,
            "ImageColor": {
                "r": 0.31585973501205447,
                "g": 0.5508718490600586,
                "b": 0.7358490228652954,
                "a": 1.0
            },
            "ImageType": 11
        },
        {
            "Name": "Test Components",
            "TextColor": {
                "r": 1.0,
                "g": 1.0,
                "b": 1.0,
                "a": 1.0
            },
            "FontSize": 12,
            "FontStyle": 1,
            "ImageColor": {
                "r": 0.3176470696926117,
                "g": 0.5490196347236633,
                "b": 0.7372549176216126,
                "a": 1.0
            },
            "ImageType": 11
        }
    ]
}